l,N,k,d,output_degree,output_gate
2,4,2,2,deg2,CZ
2,4,3,2,deg2,CZ
2,6,1,2,deg1,S
2,6,2,2,deg1,S
2,6,4,2,deg2,CZ
2,7,1,3,deg1,S
2,8,4,2,deg1,S
2,8,6,2,deg2,CZ
2,8,7,2,deg2,CZ
2,10,6,2,deg1,S
2,11,5,2,deg1,S
2,12,2,2,deg2,CZ
2,12,3,2,deg1,S
2,12,3,2,deg2,CZ
2,12,4,2,deg1,S
2,13,3,2,deg1,S
2,14,1,2,deg1,S
2,14,2,2,deg1,S
2,15,1,3,deg1,S
2,16,6,2,deg1,S
2,18,4,2,deg2,CZ
2,18,5,2,deg1,S
2,19,5,2,deg1,S
2,20,4,2,deg1,S
2,21,2,2,deg1,S
2,22,2,2,deg1,S
2,22,5,2,deg2,CZ
2,24,4,2,deg1,S
2,24,6,2,deg2,CZ
2,24,7,2,deg1,S
2,25,3,2,deg1,S
2,25,7,2,deg1,S
2,26,2,2,deg1,S
2,26,6,2,deg1,S
2,27,1,3,deg1,S
2,28,2,2,deg2,CZ
2,28,3,2,deg1,S
2,28,3,2,deg2,CZ
2,29,3,2,deg1,S
2,30,1,2,deg1,S
2,30,2,2,deg1,S
2,31,1,3,deg1,S
2,32,4,2,deg1,S
2,35,3,2,deg2,CZ
2,35,4,2,deg1,S
2,36,3,2,deg2,CZ
2,36,4,2,deg1,S
2,42,2,2,deg1,S
2,42,4,2,deg2,CZ
2,42,5,2,deg1,S
2,43,5,2,deg1,S
2,44,4,2,deg1,S
2,44,7,2,deg2,CZ
2,45,2,2,deg1,S
2,46,2,2,deg1,S
2,46,6,2,deg1,S
2,49,5,2,deg2,CZ
2,49,6,2,deg1,S
2,50,5,2,deg2,CZ
2,50,6,2,deg1,S
2,52,6,2,deg1,S
2,56,6,2,deg2,CZ
2,56,7,2,deg1,S
2,57,3,2,deg1,S
2,57,7,2,deg1,S
2,58,5,2,deg2,CZ
2,58,6,2,deg1,S
2,60,2,2,deg2,CZ
2,60,3,2,deg1,S
2,60,3,2,deg2,CZ
2,60,4,2,deg1,S
2,61,3,2,deg1,S
2,62,1,2,deg1,S
2,62,2,2,deg1,S
2,63,1,3,deg1,S
2,63,7,2,deg2,CZ
2,64,7,2,deg2,CZ
2,66,6,2,deg1,S
2,72,4,2,deg1,S
2,73,3,2,deg1,S
2,75,3,2,deg2,CZ
2,75,4,2,deg1,S
2,76,3,2,deg2,CZ
2,76,4,2,deg1,S
2,77,5,2,deg2,CZ
2,80,7,2,deg2,CZ
2,82,6,2,deg1,S
2,83,5,2,deg1,S
2,84,4,2,deg1,S
2,87,5,2,deg1,S
2,90,4,2,deg2,CZ
2,90,5,2,deg1,S
2,91,5,2,deg1,S
2,91,6,2,deg1,S
2,92,4,2,deg1,S
2,92,6,2,deg1,S
2,93,2,2,deg1,S
2,94,2,2,deg1,S
2,98,2,2,deg1,S
2,102,5,2,deg2,CZ
2,105,5,2,deg2,CZ
2,105,6,2,deg1,S
2,105,7,2,deg2,CZ
2,106,5,2,deg2,CZ
2,106,6,2,deg1,S
2,113,7,2,deg1,S
2,120,6,2,deg2,CZ
2,120,7,2,deg1,S
2,122,6,2,deg1,S
2,124,2,2,deg2,CZ
2,124,3,2,deg1,S
2,124,3,2,deg2,CZ
2,124,6,2,deg1,S
2,125,3,2,deg1,S
2,126,1,2,deg1,S
2,126,2,2,deg1,S
2,127,1,3,deg1,S
2,130,5,2,deg2,CZ
2,132,4,2,deg1,S
2,132,7,2,deg2,CZ
2,133,3,2,deg1,S
2,134,2,2,deg1,S
2,135,1,3,deg1,S
2,135,7,2,deg2,CZ
2,136,4,2,deg1,S
2,147,5,2,deg1,S
2,154,6,2,deg1,S
2,155,3,2,deg2,CZ
2,155,4,2,deg1,S
2,156,3,2,deg2,CZ
2,156,4,2,deg1,S
2,157,7,2,deg1,S
2,161,3,2,deg1,S
2,165,5,2,deg2,CZ
2,168,4,2,deg1,S
2,168,7,2,deg2,CZ
2,170,6,2,deg1,S
2,171,5,2,deg1,S
2,186,4,2,deg2,CZ
2,186,5,2,deg1,S
2,187,5,2,deg1,S
2,188,4,2,deg1,S
2,189,2,2,deg1,S
2,190,2,2,deg1,S
2,195,6,2,deg1,S
2,196,4,2,deg1,S
2,196,6,2,deg1,S
2,206,2,2,deg1,S
2,217,5,2,deg2,CZ
2,217,6,2,deg1,S
2,218,5,2,deg2,CZ
2,225,7,2,deg2,CZ
2,248,6,2,deg2,CZ
2,252,2,2,deg2,CZ
2,252,3,2,deg1,S
2,252,3,2,deg2,CZ
2,253,3,2,deg1,S
2,254,1,2,deg1,S
2,254,2,2,deg1,S
2,255,1,3,deg1,S
2,260,6,2,deg1,S
2,262,5,2,deg2,CZ
2,266,5,2,deg2,CZ
2,268,4,2,deg1,S
2,269,3,2,deg1,S
2,270,2,2,deg1,S
2,271,1,3,deg1,S
2,277,3,2,deg1,S
2,280,4,2,deg1,S
2,308,7,2,deg2,CZ
2,315,3,2,deg2,CZ
2,315,4,2,deg1,S
2,316,3,2,deg2,CZ
2,316,4,2,deg1,S
2,330,6,2,deg1,S
2,333,3,2,deg1,S
2,341,5,2,deg2,CZ
2,344,7,2,deg2,CZ
2,346,6,2,deg1,S
2,347,5,2,deg1,S
2,378,4,2,deg2,CZ
2,378,5,2,deg1,S
2,380,4,2,deg1,S
2,381,2,2,deg1,S
2,382,2,2,deg1,S
2,403,6,2,deg1,S
2,406,2,2,deg1,S
2,441,5,2,deg2,CZ
2,508,2,2,deg2,CZ
2,508,3,2,deg1,S
2,508,3,2,deg2,CZ
2,509,3,2,deg1,S
2,510,1,2,deg1,S
2,510,2,2,deg1,S
2,511,1,3,deg1,S
2,516,6,2,deg1,S
2,522,5,2,deg2,CZ
2,524,4,2,deg1,S
2,525,3,2,deg1,S
2,526,2,2,deg1,S
2,527,1,3,deg1,S
2,635,3,2,deg2,CZ
2,635,4,2,deg1,S
2,636,3,2,deg2,CZ
2,660,7,2,deg2,CZ
2,682,6,2,deg1,S
2,693,5,2,deg2,CZ
2,762,4,2,deg2,CZ
2,765,2,2,deg1,S
2,766,2,2,deg1,S
2,1020,2,2,deg2,CZ
2,1020,3,2,deg1,S
2,1020,3,2,deg2,CZ
2,1022,1,2,deg1,S
2,1022,2,2,deg1,S
2,1023,1,3,deg1,S
2,1275,3,2,deg2,CZ
2,1533,2,2,deg1,S
2,2044,2,2,deg2,CZ
2,2046,1,2,deg1,S
3,8,3,2,deg3,CCZ
3,8,4,2,deg3,CCZ
3,12,2,2,deg2,CS
3,12,3,2,deg3,CCZ
3,14,1,2,deg1,T
3,14,2,2,deg1,T
3,15,1,3,deg1,T
3,18,4,2,deg3,CCZ
3,20,4,2,deg1,T
3,24,3,2,deg3,CCZ
3,24,4,2,deg3,CCZ
3,24,6,2,deg3,CCZ
3,26,6,2,deg1,T
3,28,2,2,deg2,CS
3,28,3,2,deg1,T
3,28,3,2,deg3,CCZ
3,29,3,2,deg1,T
3,30,1,2,deg1,T
3,30,2,2,deg1,T
3,31,1,3,deg1,T
3,42,4,2,deg3,CCZ
3,42,5,2,deg1,T
3,43,5,2,deg1,T
3,44,4,2,deg1,T
3,45,2,2,deg1,T
3,46,2,2,deg1,T
3,56,3,2,deg3,CCZ
3,56,4,2,deg3,CCZ
3,56,6,2,deg3,CCZ
3,56,7,2,deg1,T
3,57,7,2,deg1,T
3,58,6,2,deg1,T
3,60,2,2,deg2,CS
3,60,3,2,deg1,T
3,60,3,2,deg3,CCZ
3,61,3,2,deg1,T
3,62,1,2,deg1,T
3,62,2,2,deg1,T
3,63,1,3,deg1,T
3,75,3,2,deg3,CCZ
3,75,4,2,deg1,T
3,76,3,2,deg3,CCZ
3,76,4,2,deg1,T
3,90,4,2,deg3,CCZ
3,90,5,2,deg1,T
3,91,5,2,deg1,T
3,92,4,2,deg1,T
3,93,2,2,deg1,T
3,94,2,2,deg1,T
3,105,5,2,deg3,CCZ
3,105,6,2,deg1,T
3,106,5,2,deg3,CCZ
3,106,6,2,deg1,T
3,108,7,2,deg2,CS
3,120,3,2,deg3,CCZ
3,120,4,2,deg3,CCZ
3,120,6,2,deg3,CCZ
3,120,7,2,deg1,T
3,122,6,2,deg1,T
3,124,2,2,deg2,CS
3,124,3,2,deg1,T
3,124,3,2,deg3,CCZ
3,124,6,2,deg3,CCZ
3,125,3,2,deg1,T
3,126,1,2,deg1,T
3,126,2,2,deg1,T
3,127,1,3,deg1,T
3,130,5,2,deg3,CCZ
3,132,4,2,deg1,T
3,132,7,2,deg3,CCZ
3,133,3,2,deg1,T
3,134,2,2,deg1,T
3,135,1,3,deg1,T
3,135,4,2,deg3,CCZ
3,135,7,2,deg3,CCZ
3,136,4,2,deg3,CCZ
3,154,6,2,deg3,CCZ
3,155,3,2,deg3,CCZ
3,155,4,2,deg1,T
3,156,3,2,deg3,CCZ
3,156,4,2,deg1,T
3,165,5,2,deg2,CS
3,168,7,2,deg3,CCZ
3,170,6,2,deg1,T
3,171,5,2,deg1,T
3,186,4,2,deg3,CCZ
3,186,5,2,deg1,T
3,187,5,2,deg1,T
3,188,4,2,deg1,T
3,189,2,2,deg1,T
3,190,2,2,deg1,T
3,195,6,2,deg3,CCZ
3,196,4,2,deg1,T
3,196,6,2,deg3,CCZ
3,217,5,2,deg3,CCZ
3,217,6,2,deg1,T
3,218,5,2,deg3,CCZ
3,225,7,2,deg2,CS
3,244,7,2,deg2,CS
3,248,3,2,deg3,CCZ
3,248,4,2,deg3,CCZ
3,248,6,2,deg3,CCZ
3,252,2,2,deg2,CS
3,252,3,2,deg1,T
3,252,3,2,deg3,CCZ
3,253,3,2,deg1,T
3,254,1,2,deg1,T
3,254,2,2,deg1,T
3,255,1,3,deg1,T
3,260,6,2,deg3,CCZ
3,266,5,2,deg3,CCZ
3,268,4,2,deg1,T
3,269,3,2,deg1,T
3,270,2,2,deg1,T
3,271,1,3,deg1,T
3,277,3,2,deg1,T
3,279,4,2,deg3,CCZ
3,280,4,2,deg3,CCZ
3,308,7,2,deg3,CCZ
3,315,3,2,deg3,CCZ
3,315,4,2,deg1,T
3,316,3,2,deg3,CCZ
3,316,4,2,deg1,T
3,330,6,2,deg3,CCZ
3,341,5,2,deg2,CS
3,344,7,2,deg3,CCZ
3,346,6,2,deg1,T
3,347,5,2,deg1,T
3,378,4,2,deg3,CCZ
3,378,5,2,deg1,T
3,380,4,2,deg1,T
3,381,2,2,deg1,T
3,382,2,2,deg1,T
3,403,6,2,deg3,CCZ
3,406,2,2,deg1,T
3,435,7,2,deg2,CS
3,441,5,2,deg3,CCZ
3,500,7,2,deg2,CS
3,504,3,2,deg3,CCZ
3,504,4,2,deg3,CCZ
3,508,2,2,deg2,CS
3,508,3,2,deg1,T
3,508,3,2,deg3,CCZ
3,509,3,2,deg1,T
3,510,1,2,deg1,T
3,510,2,2,deg1,T
3,511,1,3,deg1,T
3,516,6,2,deg3,CCZ
3,522,5,2,deg3,CCZ
3,524,4,2,deg1,T
3,525,3,2,deg1,T
3,526,2,2,deg1,T
3,527,1,3,deg1,T
3,567,4,2,deg3,CCZ
3,568,4,2,deg3,CCZ
3,635,3,2,deg3,CCZ
3,635,4,2,deg1,T
3,636,3,2,deg3,CCZ
3,660,7,2,deg3,CCZ
3,682,6,2,deg3,CCZ
3,693,5,2,deg2,CS
3,762,4,2,deg3,CCZ
3,765,2,2,deg1,T
3,766,2,2,deg1,T
3,1016,3,2,deg3,CCZ
3,1016,4,2,deg3,CCZ
3,1020,2,2,deg2,CS
3,1020,3,2,deg1,T
3,1020,3,2,deg3,CCZ
3,1022,1,2,deg1,T
3,1022,2,2,deg1,T
3,1023,1,3,deg1,T
3,1143,4,2,deg3,CCZ
3,1275,3,2,deg3,CCZ
3,1533,2,2,deg1,T
3,2040,3,2,deg3,CCZ
3,2044,2,2,deg2,CS
3,2046,1,2,deg1,T
4,16,4,2,deg4,CCCZ
4,16,5,2,deg4,CCCZ
4,24,3,2,deg3,CCS
4,24,4,2,deg3,CCS
4,28,2,2,deg2,CT
4,28,3,2,deg3,CCS
4,30,1,2,deg1,sqrt(T)
4,30,2,2,deg1,sqrt(T)
4,31,1,3,deg1,sqrt(T)
4,42,4,2,deg4,CCCZ
4,44,4,2,deg1,sqrt(T)
4,48,4,2,deg4,CCCZ
4,48,5,2,deg4,CCCZ
4,56,3,2,deg3,CCS
4,56,4,2,deg3,CCS
4,56,6,2,deg4,CCCZ
4,58,6,2,deg1,sqrt(T)
4,60,2,2,deg2,CT
4,60,3,2,deg1,sqrt(T)
4,60,3,2,deg3,CCS
4,61,3,2,deg1,sqrt(T)
4,62,1,2,deg1,sqrt(T)
4,62,2,2,deg1,sqrt(T)
4,63,1,3,deg1,sqrt(T)
4,90,4,2,deg4,CCCZ
4,90,5,2,deg1,sqrt(T)
4,91,5,2,deg1,sqrt(T)
4,92,4,2,deg1,sqrt(T)
4,93,2,2,deg1,sqrt(T)
4,94,2,2,deg1,sqrt(T)
4,112,4,2,deg4,CCCZ
4,112,5,2,deg4,CCCZ
4,120,3,2,deg3,CCS
4,120,4,2,deg3,CCS
4,120,6,2,deg4,CCCZ
4,120,7,2,deg1,sqrt(T)
4,122,6,2,deg1,sqrt(T)
4,124,2,2,deg2,CT
4,124,3,2,deg1,sqrt(T)
4,124,3,2,deg3,CCS
4,125,3,2,deg1,sqrt(T)
4,126,1,2,deg1,sqrt(T)
4,126,2,2,deg1,sqrt(T)
4,127,1,3,deg1,sqrt(T)
4,155,3,2,deg3,CCS
4,155,4,2,deg1,sqrt(T)
4,156,3,2,deg3,CCS
4,156,4,2,deg1,sqrt(T)
4,186,4,2,deg4,CCCZ
4,186,5,2,deg1,sqrt(T)
4,187,5,2,deg1,sqrt(T)
4,188,4,2,deg1,sqrt(T)
4,189,2,2,deg1,sqrt(T)
4,190,2,2,deg1,sqrt(T)
4,217,5,2,deg4,CCCZ
4,217,6,2,deg1,sqrt(T)
4,218,5,2,deg4,CCCZ
4,240,4,2,deg4,CCCZ
4,240,5,2,deg4,CCCZ
4,248,3,2,deg3,CCS
4,248,4,2,deg3,CCS
4,248,6,2,deg4,CCCZ
4,252,2,2,deg2,CT
4,252,3,2,deg1,sqrt(T)
4,252,3,2,deg3,CCS
4,253,3,2,deg1,sqrt(T)
4,254,1,2,deg1,sqrt(T)
4,254,2,2,deg1,sqrt(T)
4,255,1,3,deg1,sqrt(T)
4,279,4,2,deg3,CCS
4,280,4,2,deg3,CCS
4,308,7,2,deg3,CCS
4,315,3,2,deg3,CCS
4,315,4,2,deg1,sqrt(T)
4,316,3,2,deg3,CCS
4,316,4,2,deg1,sqrt(T)
4,330,6,2,deg4,CCCZ
4,341,5,2,deg4,CCCZ
4,344,7,2,deg4,CCCZ
4,346,6,2,deg1,sqrt(T)
4,347,5,2,deg1,sqrt(T)
4,378,4,2,deg4,CCCZ
4,378,5,2,deg1,sqrt(T)
4,380,4,2,deg1,sqrt(T)
4,381,2,2,deg1,sqrt(T)
4,382,2,2,deg1,sqrt(T)
4,403,6,2,deg3,CCS
4,441,5,2,deg4,CCCZ
4,496,4,2,deg4,CCCZ
4,496,5,2,deg4,CCCZ
4,500,7,2,deg4,CCCZ
4,504,3,2,deg3,CCS
4,504,4,2,deg3,CCS
4,508,2,2,deg2,CT
4,508,3,2,deg1,sqrt(T)
4,508,3,2,deg3,CCS
4,509,3,2,deg1,sqrt(T)
4,510,1,2,deg1,sqrt(T)
4,510,2,2,deg1,sqrt(T)
4,511,1,3,deg1,sqrt(T)
4,516,6,2,deg3,CCS
4,522,5,2,deg4,CCCZ
4,524,4,2,deg1,sqrt(T)
4,525,3,2,deg1,sqrt(T)
4,526,2,2,deg1,sqrt(T)
4,527,1,3,deg1,sqrt(T)
4,527,5,2,deg4,CCCZ
4,528,5,2,deg4,CCCZ
4,567,4,2,deg3,CCS
4,568,4,2,deg3,CCS
4,635,3,2,deg3,CCS
4,635,4,2,deg1,sqrt(T)
4,636,3,2,deg3,CCS
4,660,7,2,deg3,CCS
4,682,6,2,deg4,CCCZ
4,693,5,2,deg4,CCCZ
4,762,4,2,deg4,CCCZ
4,765,2,2,deg1,sqrt(T)
4,766,2,2,deg1,sqrt(T)
4,1008,4,2,deg4,CCCZ
4,1008,5,2,deg4,CCCZ
4,1016,3,2,deg3,CCS
4,1016,4,2,deg3,CCS
4,1020,2,2,deg2,CT
4,1020,3,2,deg1,sqrt(T)
4,1020,3,2,deg3,CCS
4,1022,1,2,deg1,sqrt(T)
4,1022,2,2,deg1,sqrt(T)
4,1023,1,3,deg1,sqrt(T)
4,1071,5,2,deg4,CCCZ
4,1143,4,2,deg3,CCS
4,1275,3,2,deg3,CCS
4,1533,2,2,deg1,sqrt(T)
4,2032,4,2,deg4,CCCZ
4,2040,3,2,deg3,CCS
4,2044,2,2,deg2,CT
4,2046,1,2,deg1,sqrt(T)
